{
    "name": "IR-ManagedVirtualNetwork",
    "properties": {
        "type": "Managed",
        "typeProperties": {
            "computeProperties": {
                "location": "North Europe",
                "dataFlowProperties": {
                    "computeType": "General",
                    "coreCount": 8,
                    "timeToLive": 10,
                    "cleanup": false,
                    "customProperties": []
                },
                "pipelineExternalComputeScaleProperties": {
                    "timeToLive": 60,
                    "numberOfPipelineNodes": 1,
                    "numberOfExternalNodes": 1
                }
            }
        },
        "managedVirtualNetwork": {
            "type": "ManagedVirtualNetworkReference",
            "referenceName": "default"
        }
    }
}