{
    "name": "AzureSqlTable",
    "properties": {
        "linkedServiceName": {
            "referenceName": "AzureSqlDatabase1",
            "type": "LinkedServiceReference"
        },
        "parameters": {
            "FileName": {
                "type": "string"
            }
        },
        "annotations": [],
        "type": "AzureSqlTable",
        "schema": [
            {
                "name": "ProductID",
                "type": "int",
                "precision": 10
            },
            {
                "name": "ProductName",
                "type": "nvarchar"
            },
            {
                "name": "Price",
                "type": "decimal",
                "precision": 18,
                "scale": 2
            },
            {
                "name": "Class",
                "type": "nvarchar"
            },
            {
                "name": "ModifyDate",
                "type": "datetime2",
                "scale": 7
            },
            {
                "name": "Resistant",
                "type": "nvarchar"
            },
            {
                "name": "IsAllergic",
                "type": "nvarchar"
            },
            {
                "name": "VitalityDays",
                "type": "int",
                "precision": 10
            },
            {
                "name": "CategoryID",
                "type": "int",
                "precision": 10
            },
            {
                "name": "CategoryName",
                "type": "nvarchar"
            }
        ],
        "typeProperties": {
            "schema": "dbo",
            "table": {
                "value": "@dataset().FileName",
                "type": "Expression"
            }
        }
    },
    "type": "Microsoft.DataFactory/factories/datasets"
}