{
    "name": "AzureSqlDatabase1",
    "type": "Microsoft.DataFactory/factories/linkedservices",
    "properties": {
        "annotations": [],
        "type": "AzureSqlDatabase",
        "typeProperties": {
            "server": "az-sqlserver-grocery.database.windows.net",
            "database": "az-sqldatabase-grocery",
            "encrypt": "mandatory",
            "trustServerCertificate": false,
            "authenticationType": "SystemAssignedManagedIdentity"
        },
        "connectVia": {
            "referenceName": "IR-ManagedVirtualNetwork",
            "type": "IntegrationRuntimeReference"
        }
    }
}