{
    "name": "DataCuration",
    "properties": {
        "folder": {
            "name": "DataCuration"
        },
        "type": "MappingDataFlow",
        "typeProperties": {
            "sources": [
                {
                    "dataset": {
                        "referenceName": "productsRaw",
                        "type": "DatasetReference"
                    },
                    "name": "productsRaw"
                },
                {
                    "dataset": {
                        "referenceName": "categoryRaw",
                        "type": "DatasetReference"
                    },
                    "name": "categoriesRaw"
                },
                {
                    "dataset": {
                        "referenceName": "citiesRaw",
                        "type": "DatasetReference"
                    },
                    "name": "citiesRaw"
                },
                {
                    "dataset": {
                        "referenceName": "countriesRaw",
                        "type": "DatasetReference"
                    },
                    "name": "countriesRaw"
                },
                {
                    "dataset": {
                        "referenceName": "employeesRaw",
                        "type": "DatasetReference"
                    },
                    "name": "employeesRaw"
                },
                {
                    "dataset": {
                        "referenceName": "customersRaw",
                        "type": "DatasetReference"
                    },
                    "name": "customersRaw"
                },
                {
                    "dataset": {
                        "referenceName": "salesRaw",
                        "type": "DatasetReference"
                    },
                    "name": "salesRaw"
                }
            ],
            "sinks": [
                {
                    "dataset": {
                        "referenceName": "products",
                        "type": "DatasetReference"
                    },
                    "name": "DimProducts"
                },
                {
                    "dataset": {
                        "referenceName": "employees",
                        "type": "DatasetReference"
                    },
                    "name": "DimEmployees"
                },
                {
                    "dataset": {
                        "referenceName": "customers",
                        "type": "DatasetReference"
                    },
                    "name": "DimCustomers"
                },
                {
                    "dataset": {
                        "referenceName": "sales",
                        "type": "DatasetReference"
                    },
                    "name": "FactSales"
                }
            ],
            "transformations": [
                {
                    "name": "join1"
                },
                {
                    "name": "citiesNew"
                },
                {
                    "name": "employeesNew",
                    "description": "Creating new column"
                },
                {
                    "name": "customersName",
                    "description": "Creating new column"
                },
                {
                    "name": "join3"
                },
                {
                    "name": "join4"
                },
                {
                    "name": "lookup1"
                },
                {
                    "name": "TotalPriceCalculation",
                    "description": "Calculating the total price column"
                },
                {
                    "name": "RemoveColumns1",
                    "description": "removing extra columns"
                },
                {
                    "name": "RemoveColumns2",
                    "description": "removing extra columns"
                },
                {
                    "name": "RemoveColumns3",
                    "description": "removing extra columns"
                },
                {
                    "name": "RemoveColumns4",
                    "description": "removing extra columns"
                }
            ],
            "scriptLines": [
                "source(output(",
                "          ProductID as integer,",
                "          ProductName as string,",
                "          Price as double,",
                "          CategoryID as integer,",
                "          Class as string,",
                "          ModifyDate as string,",
                "          Resistant as string,",
                "          IsAllergic as string,",
                "          VitalityDays as short",
                "     ),",
                "     allowSchemaDrift: true,",
                "     validateSchema: false,",
                "     ignoreNoFilesFound: false) ~> productsRaw",
                "source(output(",
                "          CategoryID as integer,",
                "          CategoryName as string",
                "     ),",
                "     allowSchemaDrift: true,",
                "     validateSchema: false,",
                "     ignoreNoFilesFound: false) ~> categoriesRaw",
                "source(output(",
                "          CityID as integer,",
                "          CityName as string,",
                "          Zipcode as integer,",
                "          CountryID as integer",
                "     ),",
                "     allowSchemaDrift: true,",
                "     validateSchema: false,",
                "     ignoreNoFilesFound: false) ~> citiesRaw",
                "source(output(",
                "          CountryID as integer,",
                "          CountryName as string,",
                "          CountryCode as string",
                "     ),",
                "     allowSchemaDrift: true,",
                "     validateSchema: false,",
                "     ignoreNoFilesFound: false) ~> countriesRaw",
                "source(output(",
                "          EmployeeID as integer,",
                "          FirstName as string,",
                "          MiddleInitial as string,",
                "          LastName as string,",
                "          BirthDate as timestamp,",
                "          Gender as string,",
                "          CityID as integer,",
                "          HireDate as timestamp",
                "     ),",
                "     allowSchemaDrift: true,",
                "     validateSchema: false,",
                "     ignoreNoFilesFound: false) ~> employeesRaw",
                "source(output(",
                "          CustomerID as integer,",
                "          FirstName as string,",
                "          MiddleInitial as string,",
                "          LastName as string,",
                "          CityID as short,",
                "          Address as string",
                "     ),",
                "     allowSchemaDrift: true,",
                "     validateSchema: false,",
                "     ignoreNoFilesFound: false) ~> customersRaw",
                "source(output(",
                "          SalesID as integer,",
                "          SalesPersonID as integer,",
                "          CustomerID as integer,",
                "          ProductID as integer,",
                "          Quantity as short,",
                "          Discount as double,",
                "          TotalPrice as double '$#########.###',",
                "          SalesDate as timestamp,",
                "          TransactionNumber as string",
                "     ),",
                "     allowSchemaDrift: true,",
                "     validateSchema: false,",
                "     ignoreNoFilesFound: false) ~> salesRaw",
                "productsRaw, categoriesRaw join(productsRaw@CategoryID == categoriesRaw@CategoryID,",
                "     joinType:'left',",
                "     matchType:'exact',",
                "     ignoreSpaces: false,",
                "     broadcast: 'auto')~> join1",
                "citiesRaw, countriesRaw join(citiesRaw@CountryID == countriesRaw@CountryID,",
                "     joinType:'left',",
                "     matchType:'exact',",
                "     ignoreSpaces: false,",
                "     broadcast: 'auto')~> citiesNew",
                "employeesRaw derive(FullName = FirstName+\" \"+MiddleInitial+\" \"+LastName,",
                "          AgeYears = year(currentTimestamp())-year(BirthDate) + (month(currentTimestamp())-month(BirthDate))/12,",
                "          ExperienceYears = year(currentTimestamp())-year(HireDate) + (month(currentTimestamp())-month(HireDate))/12) ~> employeesNew",
                "customersRaw derive(FullName = FirstName+\" \"+MiddleInitial+\" \"+LastName) ~> customersName",
                "employeesNew, citiesNew join(employeesRaw@CityID == citiesRaw@CityID,",
                "     joinType:'left',",
                "     matchType:'exact',",
                "     ignoreSpaces: false,",
                "     broadcast: 'auto')~> join3",
                "customersName, citiesNew join(customersRaw@CityID == citiesRaw@CityID,",
                "     joinType:'left',",
                "     matchType:'exact',",
                "     ignoreSpaces: false,",
                "     broadcast: 'auto')~> join4",
                "salesRaw, productsRaw lookup(salesRaw@ProductID == productsRaw@ProductID,",
                "     multiple: false,",
                "     pickup: 'any',",
                "     broadcast: 'auto')~> lookup1",
                "lookup1 derive(TotalPrice = Quantity*(1-Discount)*Price) ~> TotalPriceCalculation",
                "TotalPriceCalculation select(mapColumn(",
                "          SalesID,",
                "          EmployeeID = SalesPersonID,",
                "          CustomerID,",
                "          ProductID = salesRaw@ProductID,",
                "          Quantity,",
                "          Discount,",
                "          TotalPrice,",
                "          SalesDate,",
                "          TransactionNumber",
                "     ),",
                "     skipDuplicateMapInputs: true,",
                "     skipDuplicateMapOutputs: true) ~> RemoveColumns1",
                "join1 select(mapColumn(",
                "          ProductID,",
                "          ProductName,",
                "          Price,",
                "          Class,",
                "          ModifyDate,",
                "          Resistant,",
                "          IsAllergic,",
                "          VitalityDays,",
                "          CategoryID,",
                "          CategoryName",
                "     ),",
                "     skipDuplicateMapInputs: true,",
                "     skipDuplicateMapOutputs: true) ~> RemoveColumns2",
                "join3 select(mapColumn(",
                "          EmployeeID,",
                "          FirstName,",
                "          MiddleInitial,",
                "          LastName,",
                "          BirthDate,",
                "          Gender,",
                "          HireDate,",
                "          FullName,",
                "          AgeYears,",
                "          ExperienceYears,",
                "          CityID,",
                "          CityName,",
                "          Zipcode,",
                "          CountryID,",
                "          CountryName,",
                "          CountryCode",
                "     ),",
                "     skipDuplicateMapInputs: true,",
                "     skipDuplicateMapOutputs: true) ~> RemoveColumns3",
                "join4 select(mapColumn(",
                "          CustomerID,",
                "          FirstName,",
                "          MiddleInitial,",
                "          LastName,",
                "          Address,",
                "          FullName,",
                "          CityID,",
                "          CityName,",
                "          Zipcode,",
                "          CountryID,",
                "          CountryName,",
                "          CountryCode",
                "     ),",
                "     skipDuplicateMapInputs: true,",
                "     skipDuplicateMapOutputs: true) ~> RemoveColumns4",
                "RemoveColumns2 sink(allowSchemaDrift: true,",
                "     validateSchema: false,",
                "     format: 'parquet',",
                "     partitionFileNames:['DimProducts.parquet'],",
                "     truncate: true,",
                "     umask: 0022,",
                "     preCommands: [],",
                "     postCommands: [],",
                "     skipDuplicateMapInputs: true,",
                "     skipDuplicateMapOutputs: true,",
                "     partitionBy('hash', 1)) ~> DimProducts",
                "RemoveColumns3 sink(allowSchemaDrift: true,",
                "     validateSchema: false,",
                "     format: 'parquet',",
                "     partitionFileNames:['DimEmployees.parquet'],",
                "     umask: 0022,",
                "     preCommands: [],",
                "     postCommands: [],",
                "     skipDuplicateMapInputs: true,",
                "     skipDuplicateMapOutputs: true,",
                "     partitionBy('hash', 1)) ~> DimEmployees",
                "RemoveColumns4 sink(allowSchemaDrift: true,",
                "     validateSchema: false,",
                "     format: 'parquet',",
                "     partitionFileNames:['DimCustomers.parquet'],",
                "     umask: 0022,",
                "     preCommands: [],",
                "     postCommands: [],",
                "     skipDuplicateMapInputs: true,",
                "     skipDuplicateMapOutputs: true,",
                "     partitionBy('hash', 1)) ~> DimCustomers",
                "RemoveColumns1 sink(allowSchemaDrift: true,",
                "     validateSchema: false,",
                "     format: 'parquet',",
                "     partitionFileNames:['FactSales.parquet'],",
                "     umask: 0022,",
                "     preCommands: [],",
                "     postCommands: [],",
                "     skipDuplicateMapInputs: true,",
                "     skipDuplicateMapOutputs: true,",
                "     partitionBy('hash', 1)) ~> FactSales"
            ]
        }
    }
}