{
    "name": "ETL_Grocery",
    "properties": {
        "activities": [
            {
                "name": "Data Curation",
                "type": "ExecuteDataFlow",
                "dependsOn": [],
                "policy": {
                    "timeout": "0.12:00:00",
                    "retry": 0,
                    "retryIntervalInSeconds": 30,
                    "secureOutput": false,
                    "secureInput": false
                },
                "userProperties": [],
                "typeProperties": {
                    "dataflow": {
                        "referenceName": "DataCuration",
                        "type": "DataFlowReference"
                    },
                    "integrationRuntime": {
                        "referenceName": "IR-ManagedVirtualNetwork",
                        "type": "IntegrationRuntimeReference"
                    },
                    "traceLevel": "Fine"
                }
            },
            {
                "name": "Delete Incomplete Files In Destination",
                "type": "Delete",
                "dependsOn": [
                    {
                        "activity": "Data Curation",
                        "dependencyConditions": [
                            "Failed"
                        ]
                    }
                ],
                "policy": {
                    "timeout": "0.12:00:00",
                    "retry": 0,
                    "retryIntervalInSeconds": 30,
                    "secureOutput": false,
                    "secureInput": false
                },
                "userProperties": [],
                "typeProperties": {
                    "dataset": {
                        "referenceName": "IncompleteParquets",
                        "type": "DatasetReference"
                    },
                    "enableLogging": false,
                    "storeSettings": {
                        "type": "AzureBlobFSReadSettings",
                        "recursive": true,
                        "wildcardFileName": "*.parquet",
                        "enablePartitionDiscovery": false
                    }
                }
            },
            {
                "name": "ForEach",
                "type": "ForEach",
                "dependsOn": [
                    {
                        "activity": "Data Curation",
                        "dependencyConditions": [
                            "Succeeded"
                        ]
                    }
                ],
                "userProperties": [],
                "typeProperties": {
                    "items": {
                        "value": "@pipeline().parameters.TableName",
                        "type": "Expression"
                    },
                    "isSequential": false,
                    "activities": [
                        {
                            "name": "Copy data1",
                            "type": "Copy",
                            "dependsOn": [],
                            "policy": {
                                "timeout": "0.12:00:00",
                                "retry": 0,
                                "retryIntervalInSeconds": 30,
                                "secureOutput": false,
                                "secureInput": false
                            },
                            "userProperties": [],
                            "typeProperties": {
                                "source": {
                                    "type": "ParquetSource",
                                    "storeSettings": {
                                        "type": "AzureBlobFSReadSettings",
                                        "recursive": true,
                                        "enablePartitionDiscovery": false
                                    },
                                    "formatSettings": {
                                        "type": "ParquetReadSettings"
                                    }
                                },
                                "sink": {
                                    "type": "AzureSqlSink",
                                    "writeBehavior": "insert",
                                    "sqlWriterUseTableLock": false
                                },
                                "enableStaging": false,
                                "validateDataConsistency": true,
                                "logSettings": {
                                    "enableCopyActivityLog": true,
                                    "copyActivityLogSettings": {
                                        "logLevel": "Warning",
                                        "enableReliableLogging": false
                                    },
                                    "logLocationSettings": {
                                        "linkedServiceName": {
                                            "referenceName": "AzureDataLakeStorage1",
                                            "type": "LinkedServiceReference"
                                        }
                                    }
                                },
                                "translator": {
                                    "type": "TabularTranslator",
                                    "typeConversion": true,
                                    "typeConversionSettings": {
                                        "allowDataTruncation": true,
                                        "treatBooleanAsNumber": false
                                    }
                                }
                            },
                            "inputs": [
                                {
                                    "referenceName": "InputTables",
                                    "type": "DatasetReference",
                                    "parameters": {
                                        "FileName": {
                                            "value": "@concat(item(),'.parquet')",
                                            "type": "Expression"
                                        }
                                    }
                                }
                            ],
                            "outputs": [
                                {
                                    "referenceName": "AzureSqlTable",
                                    "type": "DatasetReference",
                                    "parameters": {
                                        "FileName": {
                                            "value": "@item()",
                                            "type": "Expression"
                                        }
                                    }
                                }
                            ]
                        }
                    ]
                }
            }
        ],
        "parameters": {
            "TableName": {
                "type": "array",
                "defaultValue": [
                    "FactSales",
                    "DimProducts",
                    "DimCustomers",
                    "DimEmployees"
                ]
            }
        },
        "variables": {
            "LastModifiedDate": {
                "type": "String"
            }
        },
        "annotations": [],
        "lastPublishTime": "2025-08-28T16:24:26Z"
    },
    "type": "Microsoft.DataFactory/factories/pipelines"
}