{
    "now": "2025-08-29T21:37:23.014Z",
    "perfNow": 251807,
    "diagnosticCorrelation": "b6a2a6d3-a081-4ee2-9db1-1e6d6650302b",
    "source": "DownloadSupportFiles",
    "environment": {
        "productName": "adf",
        "buildVersion": "1.0.082025.3",
        "environmentType": 3,
        "resourceName": "adfgrocery",
        "resourceRegion": "northeurope",
        "resourceGroup": "azure-project",
        "subscriptionId": "971d7df6-814f-4d91-b16e-a86298999237",
        "sessionId": "c+vy8nTCQBHK8nKYfSvfnw",
        "operationId": "",
        "gitType": "live",
        "loggingKey": "335088cf-eaef-4b75-a028-2dd3c377bdf9"
    },
    "additionalInfo": {
        "selectedResource": "ETL_Grocery",
        "selectedResourceType": "pipeline"
    }
}